{
    "H2AFZ": {
        "NT-MS V2 (50M)": {
            "mean": 0.5856964917022107,
            "std": 0.004640919181274989
        },
        "NT-MS V2 (50M) IT01": {
            "mean": 0.588437185168754,
            "std": 0.004595566108633008
        }
    },
    "H3K27ac": {
        "NT-MS V2 (50M)": {
            "mean": 0.5375451812788312,
            "std": 0.004835215220355673
        },
        "NT-MS V2 (50M) IT01": {
            "mean": 0.5783980538102614,
            "std": 0.004699167556300574
        }
    },
    "H3K27me3": {
        "NT-MS V2 (50M)": {
            "mean": 0.6744469004029244,
            "std": 0.00424948060253726
        },
        "NT-MS V2 (50M) IT01": {
            "mean": 0.6579050038583447,
            "std": 0.004352868101562287
        }
    },
    "H3K36me3": {
        "NT-MS V2 (50M)": {
            "mean": 0.7211841800791655,
            "std": 0.004040730698148324
        },
        "NT-MS V2 (50M) IT01": {
            "mean": 0.6970868007924188,
            "std": 0.004110158255341783
        }
    },
    "H3K4me1": {
        "NT-MS V2 (50M)": {
            "mean": 0.5193512708228031,
            "std": 0.004884452322717156
        },
        "NT-MS V2 (50M) IT01": {
            "mean": 0.5452036937782423,
            "std": 0.004841608801111292
        }
    },
    "H3K4me2": {
        "NT-MS V2 (50M)": {
            "mean": 0.6293626946926382,
            "std": 0.0043937211815837885
        },
        "NT-MS V2 (50M) IT01": {
            "mean": 0.6384672472930139,
            "std": 0.004414093595291026
        }
    },
    "H3K4me3": {
        "NT-MS V2 (50M)": {
            "mean": 0.8162029309635651,
            "std": 0.004399100515270918
        },
        "NT-MS V2 (50M) IT01": {
            "mean": 0.7645031250486899,
            "std": 0.004938915975314585
        }
    },
    "H3K9ac": {
        "NT-MS V2 (50M)": {
            "mean": 0.6406184626522204,
            "std": 0.005083472505286957
        },
        "NT-MS V2 (50M) IT01": {
            "mean": 0.6503665149387532,
            "std": 0.005003262554230956
        }
    },
    "H3K9me3": {
        "NT-MS V2 (50M)": {
            "mean": 0.4911986292876757,
            "std": 0.005253898909487267
        },
        "NT-MS V2 (50M) IT01": {
            "mean": 0.46689405090202873,
            "std": 0.005304772977648632
        }
    },
    "H4K20me1": {
        "NT-MS V2 (50M)": {
            "mean": 0.7169991804455657,
            "std": 0.004006221558400361
        },
        "NT-MS V2 (50M) IT01": {
            "mean": 0.7070050598013621,
            "std": 0.0040884358300987975
        }
    },
    "Enhancers": {
        "NT-MS V2 (50M)": {
            "mean": 0.5706716533698832,
            "std": 0.004687158349055712
        },
        "NT-MS V2 (50M) IT01": {
            "mean": 0.6619077113046856,
            "std": 0.004271315403949408
        }
    },
    "Enhancers (types)": {
        "NT-MS V2 (50M)": {
            "mean": 0.5997319856994465,
            "std": 0.004351672241904646
        },
        "NT-MS V2 (50M) IT01": {
            "mean": 0.6098302322777918,
            "std": 0.004303656211182879
        }
    },
    "Promoter (all)": {
        "NT-MS V2 (50M)": {
            "mean": 0.7841473908319213,
            "std": 0.0035901337193653495
        },
        "NT-MS V2 (50M) IT01": {
            "mean": 0.8279812632195739,
            "std": 0.0032294251822248088
        }
    },
    "Promoter (non-TATA)": {
        "NT-MS V2 (50M)": {
            "mean": 0.8119399858592825,
            "std": 0.003350653401277678
        },
        "NT-MS V2 (50M) IT01": {
            "mean": 0.8293105100065558,
            "std": 0.0031936595599945396
        }
    },
    "Promoter (TATA)": {
        "NT-MS V2 (50M)": {
            "mean": 0.9932848141341292,
            "std": 0.001639366093673431
        },
        "NT-MS V2 (50M) IT01": {
            "mean": 0.993702970927934,
            "std": 0.0015909811058351234
        }
    },
    "Splice Sites (all)": {
        "NT-MS V2 (50M)": {
            "mean": 0.9838198669936071,
            "std": 0.0008934539477048421
        },
        "NT-MS V2 (50M) IT01": {
            "mean": 0.9796100883780163,
            "std": 0.0010098210844365811
        }
    },
    "Splice Sites (acceptors)": {
        "NT-MS V2 (50M)": {
            "mean": 0.9801471048720533,
            "std": 0.0011574112823296626
        },
        "NT-MS V2 (50M) IT01": {
            "mean": 0.9776287250351062,
            "std": 0.001210787817296525
        }
    },
    "Splice Sites (donors)": {
        "NT-MS V2 (50M)": {
            "mean": 0.9873842297713258,
            "std": 0.000905653715845209
        },
        "NT-MS V2 (50M) IT01": {
            "mean": 0.986443309780906,
            "std": 0.0009515016808874572
        }
    },
    "Promoter Human (no TATA)": {
        "NT-MS V2 (50M)": {
            "mean": 0.8144792961712812,
            "std": 0.0035122446672688295
        },
        "NT-MS V2 (50M) IT01": {
            "mean": 0.8331830005679293,
            "std": 0.003350040048967287
        }
    },
    "Human Ensemble (regulatory)": {
        "NT-MS V2 (50M)": {
            "mean": 0.903558883615307,
            "std": 0.0007595976631546878
        },
        "NT-MS V2 (50M) IT01": {
            "mean": 0.9050512632687805,
            "std": 0.0007571274517397646
        }
    },
    "Human or Worm (Demo)": {
        "NT-MS V2 (50M)": {
            "mean": 0.9278021568025906,
            "std": 0.001384704441447685
        },
        "NT-MS V2 (50M) IT01": {
            "mean": 0.9312594088509802,
            "std": 0.0013393451091584388
        }
    },
    "Human Ensemble (ocr)": {
        "NT-MS V2 (50M)": {
            "mean": 0.43683945521958223,
            "std": 0.002398462513873321
        },
        "NT-MS V2 (50M) IT01": {
            "mean": 0.43054727496429485,
            "std": 0.0024180630606880364
        }
    },
    "Enhancers (drosophila)": {
        "NT-MS V2 (50M)": {
            "mean": 0.9760774764268118,
            "std": 0.0030296044548086386
        },
        "NT-MS V2 (50M) IT01": {
            "mean": 0.9756537220810445,
            "std": 0.003082458943311395
        }
    },
    "Coding vs Intergenomic Seq.": {
        "NT-MS V2 (50M)": {
            "mean": 0.8904836422293607,
            "std": 0.0016495598940843334
        },
        "NT-MS V2 (50M) IT01": {
            "mean": 0.8917003511116163,
            "std": 0.0016610787034643465
        }
    },
    "Enhancers (human ensemble)": {
        "NT-MS V2 (50M)": {
            "mean": 0.643525977648028,
            "std": 0.002178161414093159
        },
        "NT-MS V2 (50M) IT01": {
            "mean": 0.6546302859127668,
            "std": 0.002150294588410156
        }
    },
    "Enhancers (human cohn)": {
        "NT-MS V2 (50M)": {
            "mean": 0.556607894109823,
            "std": 0.005823602649025754
        },
        "NT-MS V2 (50M) IT01": {
            "mean": 0.5764327529583072,
            "std": 0.005715267137788332
        }
    }
}